{"accuracy": 0.87088, "precision": 0.860710706852694, "recall": 0.8871057440216096}